purpose,index,seed
model_selection,0,1049014493
model_selection,1,3156771540
model_selection,2,678172937
model_selection,3,495171638
model_selection,4,3706262934
model_selection,5,870737763
model_selection,6,493006165
model_selection,7,1798983841
model_selection,8,1181025809
model_selection,9,2536237902
model_selection,10,1679054225
model_selection,11,4203442686
model_selection,12,2619663768
model_selection,13,940134539
model_selection,14,4226415423
model_selection,15,1598918598
model_selection,16,2061373415
model_selection,17,2272330361
model_selection,18,2888506574
model_selection,19,2302032680
model_selection,20,3017276933
model_selection,21,76535714
model_selection,22,1544958145
model_selection,23,1441719072
model_selection,24,3410251331
model_selection,25,3864979153
model_selection,26,1478999298
model_selection,27,52100462
model_selection,28,640781900
model_selection,29,4007426583
model_selection,30,3359406349
model_selection,31,2746133287
model_selection,32,3404887458
model_selection,33,1908343214
model_selection,34,1457009616
model_selection,35,3530765661
model_selection,36,425675324
model_selection,37,909814728
model_selection,38,3225322515
model_selection,39,4082722213
model_selection,40,3012639075
model_selection,41,3852386479
model_selection,42,1538037720
model_selection,43,2678295780
model_selection,44,1321893657
model_selection,45,2295190323
model_selection,46,1177031067
model_selection,47,126998582
model_selection,48,1249373887
model_selection,49,2243346117
model_selection,50,3411623628
model_selection,51,837680540
model_selection,52,1865611152
model_selection,53,4048594467
model_selection,54,1937385250
model_selection,55,2538133319
model_selection,56,2938841136
model_selection,57,3176893080
model_selection,58,3011768295
model_selection,59,619919698
model_selection,60,4232051876
model_selection,61,2567283298
model_selection,62,722314750
model_selection,63,4212368414
model_selection,64,4273672320
model_selection,65,309544945
model_selection,66,3618639922
model_selection,67,762663573
model_selection,68,77376715
model_selection,69,2156597067
model_selection,70,3697824699
model_selection,71,164954106
model_selection,72,1140276481
model_selection,73,2867009855
model_selection,74,3427325756
model_selection,75,2878117683
model_selection,76,2165621903
model_selection,77,1816596728
model_selection,78,257950426
model_selection,79,1003096317
model_selection,80,2692946772
model_selection,81,3350086667
model_selection,82,2181733964
model_selection,83,775297926
model_selection,84,999496456
model_selection,85,4074806674
model_selection,86,3683717773
model_selection,87,3854825106
model_selection,88,31527710
model_selection,89,3076590899
model_selection,90,1874548695
model_selection,91,195215928
model_selection,92,2492370825
model_selection,93,1728788928
model_selection,94,2276405642
model_selection,95,2917345817
model_selection,96,1417747254
model_selection,97,2954894793
model_selection,98,1978405832
model_selection,99,2739169705
model_selection,100,2872296743
model_selection,101,197476314
model_selection,102,3211554817
model_selection,103,4105666042
model_selection,104,2940766065
model_selection,105,3747055464
model_selection,106,1073373092
model_selection,107,693133124
model_selection,108,4095354173
model_selection,109,3659569124
model_selection,110,3811012095
model_selection,111,2821216479
model_selection,112,2857292984
model_selection,113,4098313886
model_selection,114,3991771828
model_selection,115,1742965113
model_selection,116,3814605806
model_selection,117,4291315969
model_selection,118,3884478836
model_selection,119,522173530
model_selection,120,1692543247
model_selection,121,2433091024
model_selection,122,3279229613
model_selection,123,216797585
model_selection,124,2073945496
model_selection,125,658356516
model_selection,126,1235602944
model_selection,127,1002906290
model_selection,128,528770539
model_selection,129,1072741504
model_selection,130,19599280
model_selection,131,1044050382
model_selection,132,3483585750
model_selection,133,184361412
model_selection,134,1906173257
model_selection,135,2541875355
model_selection,136,3217560426
model_selection,137,2993889527
model_selection,138,4201558697
model_selection,139,4025665189
model_selection,140,1319139414
model_selection,141,3163863632
model_selection,142,274921123
model_selection,143,1669298176
model_selection,144,23412879
model_selection,145,993709791
model_selection,146,222152448
model_selection,147,768578993
model_selection,148,3062533136
model_selection,149,1409018105
model_selection,150,3841218462
model_selection,151,3581739478
model_selection,152,1378966616
model_selection,153,2639588321
model_selection,154,537279965
model_selection,155,1915367258
model_selection,156,704129639
model_selection,157,2318245066
model_selection,158,4048995036
model_selection,159,4195983016
model_selection,160,1490484324
model_selection,161,213783504
model_selection,162,398497937
model_selection,163,1998527962
model_selection,164,2412166531
model_selection,165,1781413592
model_selection,166,926210069
model_selection,167,3603492532
model_selection,168,2164297779
model_selection,169,4020582815
model_selection,170,3443822225
model_selection,171,4199130315
model_selection,172,489045915
model_selection,173,954411616
model_selection,174,330590453
model_selection,175,923818608
model_selection,176,4116826094
model_selection,177,3334232230
model_selection,178,2019054365
model_selection,179,2169899771
model_selection,180,2624813604
model_selection,181,1927726765
model_selection,182,386209823
model_selection,183,2950321607
model_selection,184,2296049330
model_selection,185,1905165160
model_selection,186,1032933102
model_selection,187,1844560943
model_selection,188,856769187
model_selection,189,516817691
model_selection,190,2485259838
model_selection,191,550186267
model_selection,192,2658139004
model_selection,193,333118658
model_selection,194,4207196910
model_selection,195,573251762
model_selection,196,1491268538
model_selection,197,2871150717
model_selection,198,739563794
model_selection,199,202951886
model_selection,200,3008881212
model_selection,201,4130849185
model_selection,202,3027313595
model_selection,203,1253787252
model_selection,204,2735627612
model_selection,205,3713157249
model_selection,206,3862097444
model_selection,207,1670532738
model_selection,208,349046564
model_selection,209,4040740955
model_selection,210,2007681713
model_selection,211,3225867195
model_selection,212,136157266
model_selection,213,2768027775
model_selection,214,4279061361
model_selection,215,1750353968
model_selection,216,1279375017
model_selection,217,244229016
model_selection,218,1398350207
model_selection,219,1602374704
model_selection,220,1574012330
model_selection,221,2289912264
model_selection,222,1100682100
model_selection,223,3514344903
model_selection,224,1244794644
model_selection,225,129489880
model_selection,226,1384242653
model_selection,227,2590874646
model_selection,228,2507976929
model_selection,229,2213588908
model_selection,230,3313800412
model_selection,231,4114192620
model_selection,232,588027955
model_selection,233,2802136882
model_selection,234,271707968
model_selection,235,604288395
model_selection,236,4283010664
model_selection,237,3891541357
model_selection,238,4137482071
model_selection,239,1072948387
model_selection,240,2914456662
model_selection,241,1673945545
model_selection,242,1289570405
model_selection,243,2160083754
model_selection,244,3420461874
model_selection,245,3389602706
model_selection,246,708439197
model_selection,247,1073610375
model_selection,248,4197794463
model_selection,249,1184660822
model_selection,250,224047486
model_selection,251,2824135758
model_selection,252,1024513268
model_selection,253,1006704335
model_selection,254,4190212399
model_selection,255,1078789318
bootstrap_refit,0,2270721777
bootstrap_refit,1,2626420911
bootstrap_refit,2,2888277276
bootstrap_refit,3,369456286
bootstrap_refit,4,2165405821
bootstrap_refit,5,2848664314
bootstrap_refit,6,1705097243
bootstrap_refit,7,1805593668
bootstrap_refit,8,2900389701
bootstrap_refit,9,300899384
bootstrap_refit,10,3128314352
bootstrap_refit,11,976615163
bootstrap_refit,12,474615094
bootstrap_refit,13,290398406
bootstrap_refit,14,3418518698
bootstrap_refit,15,2265656145
bootstrap_refit,16,3365319006
bootstrap_refit,17,1652421019
bootstrap_refit,18,3112015334
bootstrap_refit,19,3126322779
bootstrap_refit,20,145007358
bootstrap_refit,21,3606264647
bootstrap_refit,22,4058610354
bootstrap_refit,23,749023524
bootstrap_refit,24,1694967553
bootstrap_refit,25,210347073
bootstrap_refit,26,2340346020
bootstrap_refit,27,3108104048
bootstrap_refit,28,4155486077
bootstrap_refit,29,3483358156
bootstrap_refit,30,175560068
bootstrap_refit,31,2995647058
bootstrap_refit,32,3326991211
bootstrap_refit,33,2680710244
bootstrap_refit,34,357202285
bootstrap_refit,35,2653735680
bootstrap_refit,36,3582638417
bootstrap_refit,37,3302825624
bootstrap_refit,38,1217904899
bootstrap_refit,39,871722221
bootstrap_refit,40,751576335
bootstrap_refit,41,3275388168
bootstrap_refit,42,1442588652
bootstrap_refit,43,179278626
bootstrap_refit,44,789854642
bootstrap_refit,45,2634939123
bootstrap_refit,46,2217161899
bootstrap_refit,47,3118546041
bootstrap_refit,48,620065066
bootstrap_refit,49,706645289
bootstrap_refit,50,2820562509
bootstrap_refit,51,172657684
bootstrap_refit,52,2698131237
bootstrap_refit,53,2817562810
bootstrap_refit,54,3479574666
bootstrap_refit,55,484821576
bootstrap_refit,56,2790299577
bootstrap_refit,57,2278533030
bootstrap_refit,58,2974946043
bootstrap_refit,59,1375721994
bootstrap_refit,60,3387887466
bootstrap_refit,61,3621077591
bootstrap_refit,62,3425503218
bootstrap_refit,63,2222565959
bootstrap_refit,64,523798555
bootstrap_refit,65,3526351770
bootstrap_refit,66,3385096595
bootstrap_refit,67,118072705
bootstrap_refit,68,347353786
bootstrap_refit,69,3539248653
bootstrap_refit,70,1336096571
bootstrap_refit,71,3063865696
bootstrap_refit,72,3281409414
bootstrap_refit,73,26469373
bootstrap_refit,74,4029367471
bootstrap_refit,75,2184311100
bootstrap_refit,76,3002885188
bootstrap_refit,77,2160138115
bootstrap_refit,78,416630735
bootstrap_refit,79,1118000255
bootstrap_refit,80,3066699666
bootstrap_refit,81,201484812
bootstrap_refit,82,3355290777
bootstrap_refit,83,1382438958
bootstrap_refit,84,1592920049
bootstrap_refit,85,1384810295
bootstrap_refit,86,1767186928
bootstrap_refit,87,3144361414
bootstrap_refit,88,165969330
bootstrap_refit,89,1412195966
bootstrap_refit,90,4212333614
bootstrap_refit,91,2768920588
bootstrap_refit,92,1937657927
bootstrap_refit,93,715386894
bootstrap_refit,94,1229864688
bootstrap_refit,95,1770853833
bootstrap_refit,96,2372695852
bootstrap_refit,97,1340308896
bootstrap_refit,98,2601528263
bootstrap_refit,99,833450693
background,0,1233541282
background,1,3666504385
background,2,2824751590
approximation,0,2866601249
approximation,1,2038639973
approximation,2,3829937743
inference_bootstrap,0,1039789584
inference_bootstrap,1,3856521902
inference_bootstrap,2,167479282
inference_bootstrap,3,3767399839
inference_bootstrap,4,2838228767
inference_bootstrap,5,1993071282
inference_bootstrap,6,3006849344
inference_bootstrap,7,3267118050
inference_bootstrap,8,6172162
inference_bootstrap,9,2822281384
inference_bootstrap,10,2439508886
inference_bootstrap,11,3848558768
inference_bootstrap,12,1446300531
inference_bootstrap,13,2552263266
inference_bootstrap,14,2040104592
inference_bootstrap,15,1909895093
inference_bootstrap,16,2156056572
inference_bootstrap,17,226659415
inference_bootstrap,18,2216727898
inference_bootstrap,19,2554352793
inference_bootstrap,20,3289035566
inference_bootstrap,21,1680219053
inference_bootstrap,22,1892889664
inference_bootstrap,23,2301722413
inference_bootstrap,24,2023486057
inference_bootstrap,25,910641102
inference_bootstrap,26,4239160586
inference_bootstrap,27,2939273424
inference_bootstrap,28,2554764395
inference_bootstrap,29,1130650741
inference_bootstrap,30,3626072253
inference_bootstrap,31,53320467
simulation,0,1180719042
simulation,1,2556350253
simulation,2,2281608782
simulation,3,1762108458
simulation,4,1963061448
simulation,5,1179943813
simulation,6,4061589355
simulation,7,3573348216
simulation,8,1005741916
simulation,9,282274706
simulation,10,1151652937
simulation,11,3726809704
simulation,12,682289438
simulation,13,3718238330
simulation,14,2464646633
simulation,15,928001054
simulation,16,404107611
simulation,17,4193106672
simulation,18,3391404968
simulation,19,2426447050
simulation,20,3527710603
simulation,21,1405766811
simulation,22,2677921398
simulation,23,2857898514
simulation,24,3896318969
simulation,25,793080016
simulation,26,2456443352
simulation,27,1183106452
simulation,28,2394158757
simulation,29,366521936
simulation,30,1113678232
simulation,31,3913148878
control,0,2686677481
control,1,3722001155
control,2,2903439094
control,3,1807778161
control,4,916370455
control,5,3937040189
control,6,320130842
control,7,209844523
control,8,1458793552
control,9,3301889527
control,10,1943005513
control,11,2444308826
control,12,1634867349
control,13,2062705363
control,14,227970874
control,15,322153493
control,16,1458340973
control,17,2462865741
control,18,4044091517
control,19,1023233567
control,20,2901201705
control,21,3036727917
control,22,2660339428
control,23,277955569
control,24,2911594583
control,25,1475372568
control,26,1332613899
control,27,3715888907
control,28,4253874533
control,29,1788876913
control,30,2206655
control,31,2027376262
